tanggal,T2M,RH2M,WS2M,PS
2025-05-24,24.51,88.2,1.23,95.57
2025-05-23,24.31,93.89,1.77,95.52
2025-05-22,24.64,88.03,1.75,95.59
2025-05-21,24.48,89.87,2.75,95.65
2025-05-20,24.48,90.24,2.29,95.71
2025-05-19,24.61,90.55,1.89,95.71
2025-05-18,24.57,90.77,1.62,95.71
2025-05-17,24.48,91.58,1.34,95.74
2025-05-16,24.72,92.76,2.03,95.71
2025-05-15,25.15,88.5,0.98,95.75
2025-05-14,24.73,91.94,1.62,95.71
2025-05-13,24.87,92.72,1.58,95.6
2025-05-12,25.12,89.32,1.16,95.57
2025-05-11,24.43,93.09,0.69,95.56
2025-05-10,24.87,88.15,0.68,95.67
2025-05-09,24.2,92.22,0.66,95.72
2025-05-08,25.14,89.37,1.15,95.61
2025-05-07,25.27,90.61,1.72,95.58
2025-05-06,25.27,90.12,1.75,95.72
2025-05-05,25.47,88.87,1.79,95.7
2025-05-04,25.16,86.92,1.4,95.65
2025-05-03,24.93,85.7,1.39,95.66
2025-05-02,24.8,86.64,1.61,95.67
2025-05-01,24.91,85.52,1.12,95.75
2025-04-30,23.91,85.16,1.8,95.75
2025-04-29,23.26,85.57,2.2,95.75
2025-04-28,23.2,85.45,1.91,95.76
2025-04-27,24.39,83.17,1.44,95.81
2025-04-26,25.08,85.61,1.57,95.83
2025-04-25,25.26,82.92,0.87,95.81
2025-04-24,24.69,77.8,0.55,95.78
2025-04-23,23.75,84.32,1.64,95.82
2025-04-22,24.82,88.27,1.73,95.86
2025-04-21,25.06,86.67,1.11,95.84
2025-04-20,24.8,88.65,1.16,95.73
2025-04-19,25.27,86.49,1.04,95.65
2025-04-18,24.59,86.95,1.24,95.71
2025-04-17,24.63,88.79,0.67,95.67
2025-04-16,25.23,86.74,1.11,95.7
2025-04-15,25.15,82.71,1.02,95.74
2025-04-14,24.57,90.58,1.16,95.74
2025-04-13,25.06,89.37,1.34,95.75
2025-04-12,25.4,86.25,1.15,95.74
2025-04-11,25.04,87.8,1.19,95.68
2025-04-10,24.87,91.8,1.07,95.68
2025-04-09,25.46,88.55,1.18,95.78
2025-04-08,24.99,88.02,1.6,95.89
2025-04-07,24.8,86.63,1.4,95.9
2025-04-06,24.62,85.05,1.27,95.83
2025-04-05,24.81,84.36,0.96,95.76
2025-04-04,24.28,86.38,1.38,95.81
2025-04-03,24.18,91.43,1.11,95.82
2025-04-02,24.86,84.21,0.76,95.8
2025-04-01,24.39,84.85,1.09,95.73
2025-03-31,24.74,86.09,1.35,95.66
2025-03-30,24.41,88.97,1.46,95.68
2025-03-29,24.44,88.16,1.82,95.63
2025-03-28,25.07,89.38,1.0,95.53
2025-03-27,25.58,86.19,0.96,95.47
2025-03-26,25.2,88.93,1.44,95.45
2025-03-25,24.37,90.89,1.77,95.53
2025-03-24,24.11,90.58,2.38,95.68
2025-03-23,23.72,89.81,2.4,95.77
2025-03-22,24.05,91.75,2.56,95.84
2025-03-21,24.54,91.53,2.13,95.91
2025-03-20,24.71,89.7,2.46,95.9
2025-03-19,24.25,88.5,1.97,95.94
2025-03-18,23.57,92.86,1.6,95.78
2025-03-17,24.41,92.53,1.51,95.58
2025-03-16,24.1,90.77,1.0,95.62
2025-03-15,24.34,94.08,1.27,95.71
2025-03-14,25.17,87.73,0.44,95.7
2025-03-13,24.35,85.53,1.25,95.67
2025-03-12,25.58,86.69,1.0,95.66
2025-03-11,25.29,84.99,0.94,95.73
2025-03-10,24.22,91.76,1.52,95.85
2025-03-09,24.83,86.65,0.92,95.76
2025-03-08,25.26,87.65,1.52,95.56
2025-03-07,24.81,94.1,1.49,95.54
2025-03-06,25.65,89.27,1.35,95.62
2025-03-05,25.83,87.05,1.14,95.6
2025-03-04,24.92,91.83,1.41,95.57
2025-03-03,25.99,85.89,1.28,95.55
2025-03-02,25.52,87.49,1.33,95.58
2025-03-01,25.16,90.46,1.75,95.69
2025-02-28,25.37,86.2,0.66,95.8
2025-02-27,25.15,87.09,0.83,95.8
2025-02-26,24.22,86.2,0.7,95.94
2025-02-25,23.34,92.03,1.3,95.98
2025-02-24,23.59,93.63,1.56,95.93
2025-02-23,24.13,93.3,0.81,95.87
2025-02-22,24.82,89.8,1.05,95.75
2025-02-21,24.31,91.52,1.41,95.78
2025-02-20,24.08,86.9,0.89,95.81
2025-02-19,23.75,92.97,1.34,95.75
2025-02-18,24.6,85.82,0.53,95.78
2025-02-17,24.51,91.28,1.01,95.81
2025-02-16,25.14,84.94,0.92,95.78
2025-02-15,25.06,86.77,1.45,95.68
2025-02-14,24.61,90.45,1.46,95.67
2025-02-13,24.32,91.22,1.97,95.77
2025-02-12,23.76,91.93,2.28,95.82
2025-02-11,23.93,90.79,2.55,95.76
2025-02-10,23.93,92.12,2.83,95.66
2025-02-09,24.31,91.68,2.79,95.59
2025-02-08,24.42,93.14,2.44,95.58
2025-02-07,24.4,91.26,1.75,95.6
2025-02-06,24.35,90.71,2.35,95.52
2025-02-05,24.39,89.69,2.2,95.47
2025-02-04,24.36,89.25,2.42,95.57
2025-02-03,24.29,91.37,1.83,95.57
2025-02-02,24.0,92.78,1.96,95.52
2025-02-01,24.23,92.12,1.66,95.48
2025-01-31,23.89,91.24,1.72,95.51
2025-01-30,23.97,91.96,2.67,95.58
2025-01-29,24.25,92.63,1.73,95.65
2025-01-28,24.86,88.6,1.25,95.58
2025-01-27,24.1,90.38,1.36,95.47
2025-01-26,24.61,90.32,1.4,95.53
2025-01-25,24.98,87.27,0.98,95.55
2025-01-24,24.19,88.1,1.19,95.56
2025-01-23,24.18,89.64,1.41,95.67
2025-01-22,24.74,87.97,1.32,95.67
2025-01-21,24.16,88.09,1.13,95.64
2025-01-20,24.2,91.36,2.3,95.52
2025-01-19,24.52,92.22,2.14,95.4
2025-01-18,24.47,91.57,2.39,95.47
2025-01-17,24.57,91.24,2.04,95.51
2025-01-16,24.41,90.37,1.84,95.58
2025-01-15,24.66,85.63,1.0,95.66
2025-01-14,24.02,93.75,1.64,95.65
2025-01-13,25.0,85.92,0.81,95.59
2025-01-12,24.42,89.9,2.01,95.72
2025-01-11,24.43,88.22,1.54,95.8
2025-01-10,24.41,89.93,1.5,95.82
2025-01-09,25.16,84.92,1.25,95.72
2025-01-08,24.76,91.7,1.33,95.58
2025-01-07,24.59,90.29,1.0,95.6
2025-01-06,24.18,89.81,1.21,95.62
2025-01-05,24.56,89.06,1.45,95.61
2025-01-04,23.96,89.64,2.3,95.68
2025-01-03,24.02,87.69,1.85,95.71
2025-01-02,23.62,89.59,0.98,95.7
2025-01-01,23.84,86.87,1.43,95.65
2024-12-31,24.22,89.25,1.93,95.66
2024-12-30,23.78,91.79,2.16,95.73
2024-12-29,23.53,92.58,2.82,95.75
2024-12-28,24.13,91.69,2.02,95.79
2024-12-27,24.55,90.64,1.93,95.82
2024-12-26,24.67,90.33,2.23,95.86
2024-12-25,24.9,89.75,0.94,95.77
2024-12-24,25.17,89.5,1.97,95.62
2024-12-23,24.89,88.53,1.74,95.66
2024-12-22,24.57,90.86,1.87,95.72
2024-12-21,24.63,93.22,1.7,95.57
2024-12-20,25.32,89.46,2.08,95.5
2024-12-19,25.13,88.46,2.63,95.51
2024-12-18,24.76,88.94,2.22,95.59
2024-12-17,24.77,88.94,1.6,95.66
2024-12-16,23.95,90.64,1.65,95.67
2024-12-15,24.04,85.02,1.25,95.67
2024-12-14,23.68,93.25,2.02,95.56
2024-12-13,25.5,85.33,1.41,95.49
2024-12-12,24.67,88.85,1.11,95.51
2024-12-11,25.42,87.1,1.68,95.42
2024-12-10,24.75,91.59,2.58,95.39
2024-12-09,24.88,90.18,2.85,95.49
2024-12-08,25.38,88.67,1.71,95.51
2024-12-07,25.66,86.83,1.43,95.48
2024-12-06,24.92,89.36,1.6,95.47
2024-12-05,25.1,86.61,0.65,95.48
2024-12-04,24.74,89.31,0.96,95.53
2024-12-03,25.29,85.58,1.68,95.54
2024-12-02,25.42,86.08,1.2,95.52
2024-12-01,25.35,89.3,1.6,95.51
2024-11-30,25.24,90.49,2.07,95.5
2024-11-29,25.46,90.66,2.22,95.55
2024-11-28,26.06,87.35,2.42,95.55
2024-11-27,25.57,90.33,1.84,95.46
2024-11-26,26.25,81.66,1.19,95.46
2024-11-25,25.87,82.0,0.7,95.55
2024-11-24,25.31,89.21,0.8,95.54
2024-11-23,26.87,78.16,1.42,95.53
2024-11-22,26.53,81.31,1.16,95.52
2024-11-21,27.04,77.54,0.94,95.5
2024-11-20,26.4,80.36,0.7,95.5
2024-11-19,27.09,76.21,0.87,95.57
2024-11-18,27.41,75.62,1.19,95.55
2024-11-17,26.51,79.9,0.93,95.55
2024-11-16,27.07,77.43,1.08,95.54
2024-11-15,27.37,77.98,1.54,95.61
2024-11-14,27.88,71.97,2.02,95.66
2024-11-13,27.67,72.52,1.59,95.62
2024-11-12,27.23,74.31,1.62,95.65
2024-11-11,25.76,83.82,1.76,95.67
2024-11-10,26.59,81.16,1.13,95.73
2024-11-09,27.2,78.35,1.79,95.72
2024-11-08,27.17,75.62,1.29,95.75
2024-11-07,27.89,69.29,1.31,95.74
2024-11-06,27.27,71.21,1.96,95.74
2024-11-05,26.81,74.05,2.46,95.72
2024-11-04,26.08,78.96,0.97,95.79
2024-11-03,25.8,83.25,1.21,95.76
2024-11-02,26.31,80.27,0.96,95.84
2024-11-01,26.33,82.4,1.09,95.82
2024-10-31,28.29,69.86,1.82,95.74
2024-10-30,27.44,70.98,3.03,95.77
2024-10-29,27.87,67.44,3.05,95.81
2024-10-28,28.13,65.75,2.38,95.72
2024-10-27,27.53,66.78,2.44,95.68
2024-10-26,27.13,69.24,2.99,95.78
2024-10-25,26.96,70.81,2.69,95.82
2024-10-24,26.92,70.42,2.56,95.79
2024-10-23,26.76,72.23,2.82,95.8
2024-10-22,26.45,72.75,2.63,95.85
2024-10-21,26.3,72.1,2.51,95.91
2024-10-20,25.68,78.29,2.22,95.92
2024-10-19,27.52,66.25,1.59,95.84
2024-10-18,26.89,64.83,2.07,95.82
2024-10-17,25.81,65.91,2.92,95.95
2024-10-16,26.23,65.42,3.27,95.97
2024-10-15,26.74,63.93,2.65,95.83
2024-10-14,27.58,66.76,3.06,95.72
2024-10-13,27.9,65.97,3.33,95.72
2024-10-12,28.34,67.06,3.27,95.71
2024-10-11,27.99,68.09,2.97,95.69
2024-10-10,28.22,65.85,2.78,95.7
2024-10-09,27.38,69.25,2.84,95.79
2024-10-08,27.1,69.93,3.62,95.91
2024-10-07,27.05,70.34,3.74,95.97
2024-10-06,27.37,69.88,3.31,95.8
2024-10-05,27.4,68.34,2.85,95.76
2024-10-04,27.4,70.23,2.82,95.77
2024-10-03,27.28,70.23,2.57,95.83
2024-10-02,27.38,70.49,2.32,95.78
2024-10-01,27.05,73.06,2.87,95.72
2024-09-30,27.66,69.54,2.83,95.75
2024-09-29,27.61,69.87,3.01,95.79
2024-09-28,27.36,71.21,2.69,95.78
2024-09-27,26.67,73.87,1.86,95.8
2024-09-26,26.21,77.27,1.46,95.79
2024-09-25,26.1,77.52,1.51,95.79
2024-09-24,26.42,78.03,1.87,95.79
2024-09-23,27.0,74.6,1.28,95.8
2024-09-22,27.88,67.2,1.17,95.71
2024-09-21,27.23,65.83,1.43,95.69
2024-09-20,27.05,64.19,1.38,95.64
2024-09-19,26.17,65.09,1.83,95.61
2024-09-18,25.06,66.64,2.24,95.62
2024-09-17,24.68,67.44,2.72,95.64
2024-09-16,25.15,68.12,2.61,95.74
2024-09-15,25.25,69.61,2.81,95.72
2024-09-14,25.1,70.67,2.62,95.76
2024-09-13,24.85,70.53,2.95,95.89
2024-09-12,25.18,72.81,3.32,95.96
2024-09-11,25.8,72.0,2.82,95.92
2024-09-10,26.26,72.91,2.12,95.79
2024-09-09,26.67,71.55,2.15,95.81
2024-09-08,25.75,77.24,2.7,95.92
2024-09-07,25.31,77.85,3.37,95.95
2024-09-06,25.18,73.79,3.49,95.89
2024-09-05,25.3,77.91,2.86,95.82
2024-09-04,25.67,76.15,2.41,95.79
2024-09-03,25.45,72.23,3.01,95.89
2024-09-02,25.83,69.43,3.05,95.89
2024-09-01,25.57,70.28,2.74,95.84
2024-08-31,25.13,69.27,2.74,95.84
2024-08-30,24.87,66.88,2.59,95.92
2024-08-29,24.83,72.61,3.02,95.94
2024-08-28,25.46,67.72,3.02,95.92
2024-08-27,24.69,73.06,3.31,95.97
2024-08-26,25.07,73.38,3.23,95.87
2024-08-25,24.7,74.66,3.38,95.91
2024-08-24,24.37,74.14,3.38,96.01
2024-08-23,24.89,71.61,2.45,96.04
2024-08-22,24.77,69.78,2.17,95.95
2024-08-21,24.91,68.82,2.51,95.93
2024-08-20,24.47,69.76,2.67,95.88
2024-08-19,24.09,72.27,2.99,95.83
2024-08-18,24.78,70.93,2.69,95.87
2024-08-17,24.43,70.38,2.6,95.84
2024-08-16,23.78,68.73,2.6,95.77
2024-08-15,23.32,72.38,3.49,95.8
2024-08-14,24.35,72.04,3.47,95.87
2024-08-13,24.17,75.46,2.78,95.9
2024-08-12,23.16,66.32,2.39,95.79
2024-08-11,22.84,70.38,3.23,95.84
2024-08-10,24.64,72.45,3.38,95.82
2024-08-09,24.94,75.29,3.57,95.89
2024-08-08,24.99,76.14,3.48,95.99
2024-08-07,25.25,74.23,3.28,95.94
2024-08-06,24.14,73.66,2.82,95.91
2024-08-05,24.12,72.33,2.53,95.91
2024-08-04,24.5,75.73,2.85,96.0
2024-08-03,25.59,77.03,1.92,95.95
2024-08-02,25.84,77.71,1.87,95.88
2024-08-01,25.81,77.42,1.92,95.96
2024-07-31,25.55,77.54,1.87,95.99
2024-07-30,24.88,78.57,2.53,95.9
2024-07-29,24.46,76.45,2.49,95.76
2024-07-28,24.05,77.18,2.73,95.89
2024-07-27,24.34,75.68,2.62,95.92
2024-07-26,24.24,74.87,2.6,95.83
2024-07-25,24.51,73.1,1.94,95.73
2024-07-24,24.43,75.38,2.12,95.77
2024-07-23,24.47,77.7,2.22,95.93
2024-07-22,23.95,77.25,2.47,96.01
2024-07-21,23.68,76.28,2.32,95.99
2024-07-20,23.2,77.89,2.81,95.95
2024-07-19,23.35,78.01,3.05,95.89
2024-07-18,23.91,78.02,2.24,95.97
2024-07-17,23.13,76.73,2.53,95.82
2024-07-16,22.84,77.82,2.83,95.84
2024-07-15,22.2,77.81,2.52,95.84
2024-07-14,21.93,75.62,2.92,95.77
2024-07-13,22.19,78.41,2.54,95.81
2024-07-12,22.77,80.84,2.52,95.78
2024-07-11,22.91,80.97,3.22,95.97
2024-07-10,24.14,82.88,2.65,95.99
2024-07-09,24.26,79.6,1.84,95.85
2024-07-08,24.18,80.36,2.46,95.73
2024-07-07,24.94,81.32,1.74,95.78
2024-07-06,24.65,80.25,1.61,95.71
2024-07-05,24.26,81.51,2.51,95.7
2024-07-04,24.26,87.43,2.78,95.88
2024-07-03,24.65,86.65,2.32,95.9
2024-07-02,24.61,86.56,2.02,95.79
2024-07-01,24.41,84.37,1.98,95.75
2024-06-30,24.8,82.77,2.33,95.85
2024-06-29,25.25,84.67,2.16,95.88
2024-06-28,25.6,85.48,1.4,95.82
2024-06-27,25.69,81.8,0.95,95.75
2024-06-26,25.08,81.06,1.66,95.68
2024-06-25,24.46,82.49,1.79,95.72
2024-06-24,24.22,82.58,2.6,95.77
2024-06-23,24.0,83.75,2.9,95.8
2024-06-22,23.16,83.58,2.59,95.86
2024-06-21,22.9,83.11,2.46,95.84
2024-06-20,23.12,82.15,2.3,95.74
2024-06-19,23.26,81.91,2.13,95.79
2024-06-18,24.68,84.31,2.31,95.84
2024-06-17,24.86,84.38,1.62,95.79
2024-06-16,23.94,84.67,1.48,95.77
2024-06-15,23.58,93.27,1.52,95.75
2024-06-14,25.1,86.74,0.86,95.77
2024-06-13,24.9,84.04,0.81,95.91
2024-06-12,24.62,84.26,1.61,96.03
2024-06-11,25.25,84.51,1.86,95.98
2024-06-10,25.09,86.14,1.76,95.88
2024-06-09,24.45,89.23,1.92,95.86
2024-06-08,24.47,85.77,1.66,95.8
2024-06-07,24.29,86.55,2.19,95.88
2024-06-06,24.4,85.48,2.2,95.91
2024-06-05,24.37,85.6,2.25,96.01
2024-06-04,24.45,85.83,1.89,95.98
2024-06-03,24.66,88.51,2.33,95.9
2024-06-02,25.35,87.17,1.89,95.88
2024-06-01,25.58,86.66,1.92,95.87
2024-05-31,25.33,86.2,2.01,95.84
2024-05-30,24.91,86.78,1.71,95.81
2024-05-29,25.28,83.3,0.99,95.75
2024-05-28,25.32,85.23,1.31,95.73
2024-05-27,24.8,88.0,1.89,95.77
2024-05-26,24.36,87.97,2.52,95.83
2024-05-25,24.93,88.66,2.24,95.8
2024-05-24,24.81,89.75,1.93,95.67
2024-05-23,24.83,87.37,1.54,95.65
2024-05-22,24.38,87.41,1.69,95.67
2024-05-21,23.99,87.32,2.2,95.7
2024-05-20,24.18,87.77,2.39,95.67
2024-05-19,23.9,88.5,2.81,95.63
2024-05-18,24.6,88.49,2.73,95.74
2024-05-17,24.7,88.47,2.39,95.73
2024-05-16,24.22,87.65,2.08,95.82
2024-05-15,24.09,87.79,2.05,95.88
2024-05-14,24.93,86.38,1.65,95.78
2024-05-13,24.84,86.22,1.77,95.71
2024-05-12,25.07,87.89,1.9,95.83
2024-05-11,25.21,89.01,2.12,95.84
2024-05-10,25.17,87.84,1.9,95.77
2024-05-09,24.68,88.63,2.06,95.75
2024-05-08,24.92,87.79,1.75,95.73
2024-05-07,24.33,88.96,2.03,95.79
2024-05-06,23.88,87.1,1.99,95.82
2024-05-05,23.81,87.87,1.76,95.74
2024-05-04,24.32,88.74,2.18,95.71
2024-05-03,24.87,90.34,2.28,95.7
2024-05-02,25.25,89.68,2.34,95.67
2024-05-01,25.17,88.83,1.84,95.6
2024-04-30,25.27,88.23,2.0,95.64
2024-04-29,25.36,89.05,2.23,95.72
2024-04-28,25.89,89.26,1.96,95.72
2024-04-27,25.76,88.27,1.54,95.63
2024-04-26,25.65,88.77,1.39,95.59
2024-04-25,25.44,88.24,1.26,95.6
2024-04-24,25.28,91.01,1.21,95.59
2024-04-23,25.2,91.73,1.87,95.6
2024-04-22,25.68,90.05,1.89,95.64
2024-04-21,25.82,90.64,1.72,95.62
2024-04-20,25.97,90.11,1.78,95.55
2024-04-19,25.69,89.1,1.6,95.58
2024-04-18,25.31,89.36,1.85,95.67
2024-04-17,25.33,90.34,2.51,95.71
2024-04-16,25.48,89.0,2.39,95.78
2024-04-15,25.81,87.5,1.49,95.84
2024-04-14,25.84,89.82,1.51,95.77
2024-04-13,26.01,88.96,1.34,95.65
2024-04-12,25.1,91.82,1.42,95.68
2024-04-11,25.3,92.18,1.03,95.68
2024-04-10,25.19,88.14,1.11,95.73
2024-04-09,24.63,94.63,1.17,95.63
2024-04-08,25.12,94.77,1.49,95.57
2024-04-07,25.98,86.84,0.81,95.55
2024-04-06,25.43,86.26,1.14,95.65
2024-04-05,25.89,87.92,0.74,95.65
2024-04-04,26.26,85.31,1.02,95.63
2024-04-03,25.96,86.02,1.42,95.7
2024-04-02,25.7,89.78,1.4,95.71
2024-04-01,25.49,89.44,1.38,95.81
2024-03-31,25.63,87.21,1.86,95.9
2024-03-30,25.9,88.34,1.93,95.96
2024-03-29,25.41,88.62,1.66,95.94
2024-03-28,24.86,91.32,1.41,95.94
2024-03-27,25.43,86.1,1.66,96.0
2024-03-26,25.43,87.31,1.99,95.93
2024-03-25,25.46,86.89,1.4,95.82
2024-03-24,25.76,86.29,1.39,95.8
2024-03-23,25.81,86.03,1.4,95.74
2024-03-22,25.43,88.83,1.73,95.69
2024-03-21,25.64,87.91,1.16,95.7
2024-03-20,25.09,83.69,1.37,95.75
2024-03-19,25.01,84.92,1.9,95.76
2024-03-18,24.44,89.94,2.13,95.72
2024-03-17,24.68,90.29,2.78,95.69
2024-03-16,24.73,91.02,2.66,95.82
2024-03-15,25.08,90.7,2.77,95.8
2024-03-14,24.21,92.69,2.48,95.8
2024-03-13,24.86,91.96,2.67,95.73
2024-03-12,25.02,91.11,2.07,95.78
2024-03-11,24.65,88.42,1.5,95.88
2024-03-10,24.12,90.33,2.25,95.84
2024-03-09,24.67,93.72,2.35,95.66
2024-03-08,25.41,93.42,1.54,95.53
2024-03-07,25.91,88.62,1.01,95.56
2024-03-06,26.0,88.86,0.89,95.57
2024-03-05,25.76,90.04,0.83,95.6
2024-03-04,25.73,87.2,1.04,95.74
2024-03-03,25.24,92.19,1.32,95.72
2024-03-02,25.42,89.13,1.07,95.67
2024-03-01,24.95,92.79,1.41,95.66
2024-02-29,25.6,92.11,1.07,95.59
2024-02-28,25.81,89.43,0.79,95.56
2024-02-27,26.05,82.25,0.81,95.65
2024-02-26,24.92,88.03,1.35,95.83
2024-02-25,24.89,92.48,1.52,95.76
2024-02-24,25.54,90.29,1.35,95.76
2024-02-23,25.48,89.57,1.31,95.82
2024-02-22,25.6,84.43,1.45,95.79
2024-02-21,26.1,88.4,1.28,95.73
2024-02-20,26.06,89.07,1.01,95.79
2024-02-19,25.89,85.47,0.7,95.85
2024-02-18,24.99,88.84,1.06,95.82
2024-02-17,25.99,87.91,1.29,95.74
2024-02-16,25.69,87.77,1.17,95.78
2024-02-15,25.31,89.47,1.2,95.85
2024-02-14,25.12,91.68,0.8,95.82
2024-02-13,25.27,88.78,1.35,95.93
2024-02-12,25.07,88.22,1.54,95.97
2024-02-11,24.34,92.86,1.7,95.98
2024-02-10,24.71,93.39,0.82,95.9
2024-02-09,25.32,88.48,1.23,95.86
2024-02-08,25.38,83.56,1.0,95.84
2024-02-07,24.46,90.01,1.31,95.9
2024-02-06,24.91,89.37,1.66,95.98
2024-02-05,24.71,89.39,1.56,96.03
2024-02-04,24.66,89.09,1.8,95.99
2024-02-03,24.62,92.7,1.52,95.84
2024-02-02,25.18,87.66,1.35,95.88
2024-02-01,25.58,86.03,0.96,95.95
2024-01-31,25.16,86.69,1.03,95.99
2024-01-30,25.6,86.43,0.88,95.91
2024-01-29,25.36,88.01,0.71,95.96
2024-01-28,24.86,89.51,1.47,95.99
2024-01-27,24.87,88.22,1.71,95.97
2024-01-26,24.99,89.35,1.42,96.0
2024-01-25,25.2,89.18,1.58,95.93
2024-01-24,25.26,90.32,2.24,95.82
2024-01-23,24.73,90.29,2.57,95.8
2024-01-22,25.09,90.21,2.35,95.74
2024-01-21,24.85,89.99,2.76,95.7
2024-01-20,23.98,91.49,2.46,95.7
2024-01-19,24.53,90.58,2.4,95.63
2024-01-18,25.13,91.15,2.1,95.61
2024-01-17,25.46,88.38,1.45,95.6
2024-01-16,25.35,86.67,1.19,95.63
2024-01-15,25.28,86.26,1.27,95.67
2024-01-14,25.32,84.53,1.53,95.66
2024-01-13,24.89,86.56,1.96,95.65
2024-01-12,25.17,87.26,1.89,95.62
2024-01-11,25.74,87.8,1.39,95.65
2024-01-10,25.76,87.75,0.81,95.6
2024-01-09,25.49,88.07,0.66,95.67
2024-01-08,25.31,86.94,0.81,95.79
2024-01-07,25.38,88.34,0.56,95.72
2024-01-06,25.59,84.87,1.18,95.75
2024-01-05,25.41,86.28,1.36,95.8
2024-01-04,25.89,84.12,0.79,95.75
2024-01-03,26.04,85.98,1.04,95.67
2024-01-02,25.5,93.13,0.81,95.65
2024-01-01,26.01,88.01,1.1,95.72
2023-12-31,26.08,86.67,1.69,95.75
2023-12-30,25.74,88.45,1.63,95.69
2023-12-29,25.72,90.25,1.86,95.74
2023-12-28,25.69,90.0,1.54,95.86
2023-12-27,25.49,89.24,1.27,95.98
2023-12-26,25.25,87.47,1.3,95.88
2023-12-25,25.17,88.41,0.9,95.86
2023-12-24,26.2,80.9,0.66,95.83
2023-12-23,25.63,82.13,1.37,95.9
2023-12-22,25.32,85.79,1.44,95.84
2023-12-21,24.59,83.92,1.08,95.78
2023-12-20,23.59,83.57,1.77,95.79
2023-12-19,23.73,85.76,1.92,95.83
2023-12-18,24.56,85.06,1.62,95.79
2023-12-17,24.48,85.22,1.83,95.74
2023-12-16,24.59,85.97,1.64,95.72
2023-12-15,24.76,88.2,2.03,95.74
2023-12-14,24.94,90.32,2.1,95.75
2023-12-13,25.98,85.21,0.97,95.64
2023-12-12,25.28,87.24,1.51,95.62
2023-12-11,24.81,87.98,1.99,95.66
2023-12-10,24.79,88.37,1.9,95.68
2023-12-09,24.69,89.79,1.72,95.72
2023-12-08,25.03,89.07,1.37,95.75
2023-12-07,25.67,86.65,1.22,95.76
2023-12-06,25.47,84.71,1.02,95.76
2023-12-05,24.76,89.72,1.63,95.74
2023-12-04,25.03,88.67,1.49,95.8
2023-12-03,24.87,89.19,1.61,95.72
2023-12-02,24.75,90.5,1.91,95.66
2023-12-01,25.53,89.31,1.56,95.63
2023-11-30,25.91,84.02,1.85,95.69
2023-11-29,26.32,77.59,1.98,95.67
2023-11-28,25.65,80.11,2.12,95.71
2023-11-27,26.38,75.01,1.46,95.64
2023-11-26,27.48,68.23,2.36,95.67
2023-11-25,27.92,68.34,1.63,95.64
2023-11-24,27.94,68.99,1.68,95.6
2023-11-23,27.68,72.57,2.58,95.58
2023-11-22,28.25,68.06,3.08,95.61
2023-11-21,28.33,66.42,2.73,95.71
2023-11-20,27.71,67.82,2.82,95.81
2023-11-19,27.56,66.84,3.12,95.81
2023-11-18,26.69,71.42,3.11,95.82
2023-11-17,27.51,71.78,2.56,95.87
2023-11-16,27.4,72.89,2.22,95.89
2023-11-15,27.02,77.08,2.66,95.85
2023-11-14,27.71,72.51,2.22,95.83
2023-11-13,28.0,68.22,1.95,95.87
2023-11-12,27.71,66.67,2.35,95.89
2023-11-11,27.75,66.89,1.89,95.9
2023-11-10,27.78,66.94,1.88,95.87
2023-11-09,28.25,63.43,2.02,95.78
2023-11-08,29.0,59.91,1.59,95.7
2023-11-07,28.01,63.45,2.2,95.79
2023-11-06,28.4,62.8,2.24,95.77
2023-11-05,27.92,69.58,2.37,95.74
2023-11-04,27.61,69.14,2.58,95.71
2023-11-03,28.11,67.72,2.76,95.69
2023-11-02,28.51,60.42,2.72,95.74
2023-11-01,28.21,62.62,3.16,95.82
2023-10-31,28.55,61.88,2.75,95.78
2023-10-30,28.6,60.99,2.7,95.74
2023-10-29,28.31,61.14,2.66,95.81
2023-10-28,27.81,59.91,2.48,95.87
2023-10-27,28.62,54.28,2.29,95.89
2023-10-26,28.27,59.95,2.72,95.97
2023-10-25,28.4,59.04,2.31,95.96
2023-10-24,27.91,62.01,2.36,95.92
2023-10-23,28.21,57.96,1.65,95.92
2023-10-22,28.26,54.77,1.33,95.92
2023-10-21,28.21,53.69,1.99,95.9
2023-10-20,27.97,59.88,2.57,95.93
2023-10-19,27.92,59.64,2.58,95.93
2023-10-18,27.73,60.28,2.94,95.92
2023-10-17,28.08,59.91,3.29,95.89
2023-10-16,28.11,62.33,3.46,95.84
2023-10-15,27.88,62.87,2.89,95.87
2023-10-14,27.7,62.76,2.45,95.87
2023-10-13,27.42,64.88,2.88,95.97
2023-10-12,27.2,61.08,3.04,95.97
2023-10-11,26.91,58.65,2.66,95.92
2023-10-10,27.27,59.56,2.66,95.97
2023-10-09,27.59,61.48,2.97,95.97
2023-10-08,27.8,62.22,3.12,95.96
2023-10-07,27.81,63.1,3.04,95.89
2023-10-06,27.93,62.49,2.84,95.89
2023-10-05,27.86,64.11,2.77,95.89
2023-10-04,27.35,63.4,2.53,95.96
2023-10-03,26.44,65.26,2.68,96.04
2023-10-02,26.0,65.25,3.08,96.04
2023-10-01,26.15,62.35,2.8,95.96
2023-09-30,26.42,61.11,2.94,95.98
2023-09-29,27.05,61.37,3.02,95.98
2023-09-28,26.79,63.23,2.93,95.89
2023-09-27,26.05,61.88,3.08,95.88
2023-09-26,25.58,62.7,3.56,95.89
2023-09-25,25.51,66.08,3.47,95.89
2023-09-24,26.02,66.0,2.94,95.82
2023-09-23,25.49,66.27,2.88,95.88
2023-09-22,24.55,67.73,3.66,95.92
2023-09-21,25.0,67.14,3.18,95.95
2023-09-20,25.38,67.0,2.85,95.89
2023-09-19,25.3,68.17,3.06,95.9
2023-09-18,25.36,69.16,3.15,95.87
2023-09-17,25.88,69.28,3.13,95.85
2023-09-16,25.64,70.34,2.95,95.91
2023-09-15,25.18,70.83,3.79,95.96
2023-09-14,24.65,70.1,3.8,96.02
2023-09-13,25.43,70.15,3.12,95.98
2023-09-12,25.67,69.76,3.52,96.03
2023-09-11,25.71,70.61,3.03,95.92
2023-09-10,24.45,69.98,3.26,95.98
2023-09-09,24.38,65.74,2.48,95.92
2023-09-08,24.58,68.34,3.02,95.99
2023-09-07,24.6,72.1,2.86,96.0
2023-09-06,24.36,73.97,3.48,95.97
2023-09-05,24.22,69.08,2.9,95.9
2023-09-04,23.44,67.36,3.19,95.8
2023-09-03,23.33,68.64,3.07,95.87
2023-09-02,23.61,69.9,2.71,95.86
2023-09-01,23.69,69.6,3.36,95.92
2023-08-31,24.51,71.89,3.3,95.94
2023-08-30,24.75,68.25,2.8,95.88
2023-08-29,24.87,67.4,2.89,95.83
2023-08-28,24.77,67.57,2.75,95.85
2023-08-27,24.39,69.99,2.63,95.88
2023-08-26,24.59,72.11,2.96,95.88
2023-08-25,24.67,73.36,3.34,95.88
2023-08-24,24.51,70.93,3.09,95.88
2023-08-23,24.07,71.91,3.13,95.93
2023-08-22,24.14,74.99,3.52,95.91
2023-08-21,24.04,75.05,3.57,95.93
2023-08-20,24.4,73.69,2.9,95.94
2023-08-19,24.25,73.66,2.62,95.91
2023-08-18,23.63,74.59,2.62,95.95
2023-08-17,23.22,73.54,3.05,96.01
2023-08-16,23.71,74.8,3.02,96.08
2023-08-15,24.16,74.09,2.89,96.06
2023-08-14,24.35,71.99,2.66,95.98
2023-08-13,24.29,72.59,2.32,95.95
2023-08-12,23.62,72.51,2.39,95.96
2023-08-11,23.19,72.62,2.62,96.05
2023-08-10,23.06,72.22,2.44,96.11
2023-08-09,23.51,73.63,3.04,96.13
2023-08-08,24.1,73.3,2.85,96.03
2023-08-07,24.54,75.4,2.81,95.98
2023-08-06,24.69,77.11,2.59,96.05
2023-08-05,24.13,78.9,3.23,96.17
2023-08-04,24.19,76.29,3.22,96.26
2023-08-03,25.02,76.63,2.27,96.12
2023-08-02,25.64,72.72,1.48,96.02
2023-08-01,24.8,75.38,2.01,95.92
2023-07-31,23.55,77.71,2.23,95.94
2023-07-30,22.44,78.37,3.07,96.03
2023-07-29,22.33,77.34,2.91,96.05
2023-07-28,22.78,77.63,2.58,96.03
2023-07-27,22.9,78.36,2.52,96.08
2023-07-26,23.11,78.31,2.44,96.05
2023-07-25,24.16,76.98,2.22,95.95
2023-07-24,23.35,77.53,1.59,95.96
2023-07-23,22.97,77.39,2.69,96.0
2023-07-22,23.17,80.29,2.85,96.01
2023-07-21,22.7,80.86,2.64,96.02
2023-07-20,22.09,80.5,2.72,95.87
2023-07-19,22.04,80.5,3.09,95.87
2023-07-18,22.86,80.76,2.51,95.88
2023-07-17,22.79,82.68,2.79,95.87
2023-07-16,23.13,82.75,2.59,95.9
2023-07-15,23.97,82.77,2.11,95.88
2023-07-14,23.49,84.32,3.08,95.96
2023-07-13,23.78,85.89,2.65,95.91
2023-07-12,22.68,82.65,2.4,95.94
2023-07-11,23.07,82.28,2.65,95.92
2023-07-10,24.0,85.36,2.26,95.84
2023-07-09,24.25,85.33,2.08,95.83
2023-07-08,23.23,91.53,2.13,95.99
2023-07-07,23.31,91.21,2.94,95.96
2023-07-06,24.42,85.87,2.64,95.86
2023-07-05,24.18,86.72,2.45,95.77
2023-07-04,24.19,86.71,2.07,95.8
2023-07-03,24.09,85.57,1.94,95.91
2023-07-02,24.12,85.58,2.44,95.97
2023-07-01,24.41,85.23,3.09,95.89
2023-06-30,24.65,83.66,2.22,95.83
2023-06-29,24.39,83.78,2.31,95.85
2023-06-28,24.23,84.33,2.43,95.92
2023-06-27,23.61,84.32,2.06,95.9
2023-06-26,23.8,83.92,1.33,95.78
2023-06-25,24.25,81.33,0.97,95.69
2023-06-24,24.1,80.48,1.28,95.73
2023-06-23,23.69,77.59,1.46,95.78
2023-06-22,23.86,85.48,1.98,95.84
2023-06-21,24.03,86.51,1.93,95.93
2023-06-20,24.72,82.56,0.89,95.91
2023-06-19,24.65,81.1,0.87,95.83
2023-06-18,24.35,81.35,1.12,95.83
2023-06-17,23.93,83.69,1.75,95.88
2023-06-16,23.79,84.57,1.33,95.88
2023-06-15,23.63,84.99,1.8,95.9
2023-06-14,23.43,85.45,1.89,95.92
2023-06-13,23.91,86.4,2.53,95.83
2023-06-12,24.47,88.2,2.01,95.81
2023-06-11,24.16,89.45,1.86,95.74
2023-06-10,23.49,87.51,2.03,95.74
2023-06-09,23.54,86.84,2.16,95.82
2023-06-08,24.36,87.24,2.28,95.89
2023-06-07,24.09,89.41,2.42,95.86
2023-06-06,23.61,88.74,2.27,95.81
2023-06-05,23.81,88.11,1.86,95.77
2023-06-04,23.84,87.31,1.95,95.81
2023-06-03,24.08,87.6,2.14,95.88
2023-06-02,24.03,88.34,2.21,95.85
2023-06-01,24.03,87.86,2.1,95.83
2023-05-31,23.83,85.88,1.82,95.83
2023-05-30,23.49,85.51,1.54,95.85
2023-05-29,22.95,85.07,2.04,95.85
2023-05-28,22.69,83.62,2.09,95.8
2023-05-27,23.1,86.12,2.18,95.82
2023-05-26,23.39,87.33,2.26,95.98
2023-05-25,23.64,87.23,2.05,96.05
2023-05-24,24.23,86.2,1.44,96.07
2023-05-23,23.65,85.3,1.32,96.01
2023-05-22,23.09,86.68,1.85,96.03
2023-05-21,23.13,86.79,2.08,96.02
2023-05-20,23.55,86.64,2.23,95.93
2023-05-19,23.96,87.2,1.85,95.99
2023-05-18,23.69,85.68,1.44,96.03
2023-05-17,23.28,83.89,1.37,96.05
2023-05-16,22.99,85.29,1.61,96.07
2023-05-15,22.59,85.3,1.98,96.03
2023-05-14,22.75,86.99,2.5,96.04
2023-05-13,23.33,89.09,2.56,95.96
2023-05-12,24.8,90.82,2.61,95.9
2023-05-11,24.96,90.95,1.82,95.89
2023-05-10,24.89,91.07,1.84,95.77
2023-05-09,24.99,90.69,1.7,95.71
2023-05-08,25.28,86.19,1.34,95.63
2023-05-07,25.14,88.15,1.52,95.58
2023-05-06,25.39,88.18,1.6,95.51
2023-05-05,25.58,87.8,1.53,95.47
2023-05-04,25.56,86.97,1.09,95.64
2023-05-03,25.11,89.83,1.37,95.71
2023-05-02,24.62,90.05,1.5,95.71
2023-05-01,23.99,93.84,1.12,95.57
2023-04-30,25.02,88.51,1.31,95.56
2023-04-29,25.01,89.11,1.37,95.61
2023-04-28,25.43,87.95,1.05,95.61
2023-04-27,25.16,90.69,1.75,95.58
2023-04-26,25.25,88.16,1.23,95.56
2023-04-25,25.47,86.94,1.04,95.6
2023-04-24,25.55,87.54,1.26,95.65
2023-04-23,25.29,88.07,1.49,95.68
2023-04-22,25.05,87.94,2.2,95.62
2023-04-21,24.82,92.63,1.32,95.57
2023-04-20,25.36,87.14,1.32,95.49
2023-04-19,25.1,86.44,1.48,95.65
2023-04-18,24.4,87.19,1.33,95.87
2023-04-17,24.85,80.38,0.67,95.81
2023-04-16,24.61,87.54,1.04,95.66
2023-04-15,24.19,89.19,1.48,95.68
2023-04-14,23.77,90.32,1.5,95.74
2023-04-13,24.07,92.95,1.99,95.66
2023-04-12,25.14,87.96,1.24,95.61
2023-04-11,24.3,90.15,1.81,95.68
2023-04-10,24.18,89.91,1.69,95.76
2023-04-09,24.01,89.62,1.8,95.85
2023-04-08,24.2,89.4,1.55,95.88
2023-04-07,24.24,82.61,0.96,95.86
2023-04-06,24.12,88.56,1.26,95.78
2023-04-05,24.55,82.46,0.85,95.73
2023-04-04,23.68,88.58,1.06,95.73
2023-04-03,24.33,85.64,1.01,95.66
2023-04-02,24.21,84.13,1.02,95.63
2023-04-01,23.84,79.81,1.16,95.74
2023-03-31,24.04,86.72,0.79,95.71
2023-03-30,24.55,87.07,1.12,95.64
2023-03-29,24.54,85.61,0.97,95.72
2023-03-28,23.94,93.3,1.1,95.71
2023-03-27,24.65,88.35,1.22,95.64
2023-03-26,23.52,87.94,0.87,95.64
2023-03-25,23.29,93.36,1.15,95.65
2023-03-24,24.93,90.02,0.69,95.58
2023-03-23,25.44,84.88,0.48,95.57
2023-03-22,25.05,85.66,1.0,95.58
2023-03-21,24.96,89.99,0.99,95.6
2023-03-20,25.47,87.64,0.99,95.62
2023-03-19,25.2,89.56,1.13,95.64
2023-03-18,25.16,87.77,1.1,95.71
2023-03-17,24.15,93.42,0.87,95.76
2023-03-16,24.91,89.61,1.2,95.78
2023-03-15,24.08,85.39,1.37,95.77
2023-03-14,23.05,88.59,1.77,95.69
2023-03-13,23.92,88.7,1.62,95.67
2023-03-12,25.15,82.86,0.93,95.79
2023-03-11,25.09,83.87,1.39,95.83
2023-03-10,24.96,85.88,1.19,95.77
2023-03-09,24.88,84.37,0.95,95.82
2023-03-08,24.38,87.75,1.12,95.91
2023-03-07,24.27,85.18,1.23,95.86
2023-03-06,23.88,88.44,1.86,95.92
2023-03-05,23.71,89.94,2.02,95.96
2023-03-04,23.95,88.83,1.83,96.01
2023-03-03,23.43,89.1,1.29,95.96
2023-03-02,23.75,90.01,1.85,95.9
2023-03-01,23.89,91.73,2.43,95.78
2023-02-28,24.06,89.9,2.2,95.83
2023-02-27,23.48,93.2,2.22,95.82
2023-02-26,23.47,92.51,1.97,95.8
2023-02-25,23.68,93.15,2.19,95.78
2023-02-24,24.31,92.36,2.31,95.66
2023-02-23,23.86,94.48,1.83,95.56
2023-02-22,24.12,91.93,2.08,95.67
2023-02-21,23.97,88.47,1.83,95.7
2023-02-20,24.13,88.16,2.03,95.66
2023-02-19,23.73,88.65,2.23,95.68
2023-02-18,23.71,89.38,2.08,95.64
2023-02-17,23.14,89.73,1.52,95.66
2023-02-16,23.75,91.04,1.45,95.62
2023-02-15,23.76,91.48,2.43,95.54
2023-02-14,23.52,90.86,2.76,95.56
2023-02-13,23.24,91.41,2.33,95.73
2023-02-12,23.58,92.72,1.38,95.72
2023-02-11,24.0,92.03,1.86,95.6
2023-02-10,23.82,90.97,1.54,95.56
2023-02-09,23.62,90.51,1.73,95.58
2023-02-08,22.9,93.05,1.97,95.6
2023-02-07,23.37,91.44,2.5,95.6
2023-02-06,23.46,90.63,2.16,95.57
2023-02-05,23.57,90.85,2.39,95.53
2023-02-04,23.93,89.48,2.08,95.5
2023-02-03,23.46,89.16,2.39,95.58
2023-02-02,23.89,91.0,1.65,95.6
2023-02-01,24.26,90.28,2.27,95.5
2023-01-31,24.0,90.28,2.39,95.55
2023-01-30,23.42,91.77,1.6,95.65
2023-01-29,23.79,90.56,1.66,95.52
2023-01-28,23.12,90.89,1.64,95.45
2023-01-27,23.05,91.9,1.77,95.48
2023-01-26,24.05,91.21,1.88,95.49
2023-01-25,24.37,89.42,1.39,95.45
2023-01-24,25.06,85.52,0.91,95.43
2023-01-23,24.63,82.22,1.01,95.4
2023-01-22,24.13,85.59,1.5,95.52
2023-01-21,23.78,88.87,1.5,95.6
2023-01-20,23.58,90.15,1.38,95.68
2023-01-19,23.56,90.16,1.51,95.72
2023-01-18,23.62,91.09,1.45,95.77
2023-01-17,24.03,89.66,1.48,95.74
2023-01-16,23.64,93.55,1.64,95.59
2023-01-15,24.46,90.08,1.77,95.54
2023-01-14,24.35,87.65,1.85,95.63
2023-01-13,24.04,86.54,1.38,95.76
2023-01-12,24.05,87.05,1.83,95.79
2023-01-11,24.07,86.94,1.52,95.82
2023-01-10,23.97,87.97,1.65,95.87
2023-01-09,24.19,85.26,1.49,95.9
2023-01-08,24.1,86.65,1.66,95.79
2023-01-07,23.73,88.15,1.85,95.71
2023-01-06,23.63,89.3,2.44,95.78
2023-01-05,23.56,89.62,3.2,95.77
2023-01-04,23.86,90.66,3.43,95.69
2023-01-03,23.89,88.66,3.68,95.69
2023-01-02,23.49,90.38,3.15,95.74
2023-01-01,23.52,90.27,2.47,95.79
2022-12-31,23.5,92.64,3.22,95.79
2022-12-30,23.56,93.95,2.09,95.78
2022-12-29,23.51,91.82,2.16,95.76
2022-12-28,24.0,87.74,1.51,95.8
2022-12-27,23.49,90.17,1.89,95.86
2022-12-26,23.57,90.53,2.67,95.8
2022-12-25,23.26,92.01,2.39,95.66
2022-12-24,23.79,90.03,2.0,95.65
2022-12-23,23.83,90.19,2.57,95.51
2022-12-22,24.06,91.07,2.82,95.41
2022-12-21,24.55,87.9,2.17,95.43
2022-12-20,25.0,85.55,1.44,95.45
2022-12-19,24.86,84.86,1.02,95.43
2022-12-18,24.78,84.78,1.13,95.43
2022-12-17,24.31,84.94,1.16,95.52
2022-12-16,23.93,90.73,2.15,95.48
2022-12-15,24.21,93.58,1.12,95.42
2022-12-14,25.1,86.83,0.66,95.63
2022-12-13,25.21,87.6,0.85,95.62
2022-12-12,25.32,85.45,1.29,95.6
2022-12-11,24.93,86.0,1.51,95.63
2022-12-10,24.12,87.3,1.9,95.66
2022-12-09,24.68,86.78,2.13,95.58
2022-12-08,25.45,81.67,1.0,95.57
2022-12-07,24.64,90.01,1.82,95.51
2022-12-06,24.44,90.45,1.22,95.55
2022-12-05,24.63,89.9,1.34,95.59
2022-12-04,24.23,90.76,1.16,95.55
2022-12-03,23.77,89.37,1.42,95.54
2022-12-02,23.9,87.4,1.4,95.5
2022-12-01,23.85,88.17,1.64,95.54
2022-11-30,23.82,88.88,1.61,95.63
2022-11-29,23.82,90.86,1.24,95.64
2022-11-28,24.37,88.12,0.32,95.61
2022-11-27,23.81,90.46,0.78,95.65
2022-11-26,23.78,88.14,1.31,95.78
2022-11-25,24.34,83.06,1.03,95.82
2022-11-24,23.95,89.9,1.22,95.8
2022-11-23,24.38,87.78,1.67,95.7
2022-11-22,24.3,89.26,1.97,95.57
2022-11-21,24.63,84.67,1.5,95.49
2022-11-20,25.17,85.43,0.71,95.46
2022-11-19,24.24,88.87,1.02,95.53
2022-11-18,23.54,93.61,1.85,95.57
2022-11-17,24.69,88.53,1.08,95.57
2022-11-16,24.07,90.44,1.16,95.6
2022-11-15,24.44,90.03,1.1,95.59
2022-11-14,25.27,87.94,1.0,95.61
2022-11-13,24.8,90.57,0.63,95.6
2022-11-12,24.81,88.15,1.18,95.59
2022-11-11,24.2,94.23,1.55,95.6
2022-11-10,24.74,84.88,0.58,95.7
2022-11-09,24.13,89.46,1.18,95.78
2022-11-08,24.56,86.54,0.65,95.82
2022-11-07,24.67,85.35,0.69,95.87
2022-11-06,24.2,91.63,1.38,95.86
2022-11-05,24.82,90.37,1.33,95.88
2022-11-04,24.7,92.4,1.67,95.83
2022-11-03,24.82,88.58,1.42,95.75
2022-11-02,24.83,87.09,2.31,95.73
2022-11-01,24.42,86.66,2.06,95.7
2022-10-31,23.65,84.55,2.27,95.71
2022-10-30,22.95,84.63,2.31,95.69
2022-10-29,22.87,85.26,2.05,95.66
2022-10-28,22.62,85.23,2.12,95.67
2022-10-27,23.66,85.84,2.34,95.65
2022-10-26,24.07,87.9,1.55,95.74
2022-10-25,24.09,89.24,2.46,95.78
2022-10-24,24.34,89.57,2.08,95.75
2022-10-23,24.67,91.04,1.5,95.73
2022-10-22,25.4,83.94,0.71,95.83
2022-10-21,24.64,89.84,1.24,95.85
2022-10-20,24.81,89.03,1.07,95.76
2022-10-19,24.25,90.87,0.71,95.71
2022-10-18,23.92,92.36,1.17,95.68
2022-10-17,24.44,86.9,2.32,95.8
2022-10-16,24.39,85.14,2.2,95.83
2022-10-15,24.3,86.29,2.06,95.69
2022-10-14,24.18,86.81,1.96,95.62
2022-10-13,24.43,86.08,2.29,95.73
2022-10-12,24.2,85.99,2.13,95.82
2022-10-11,23.99,88.66,1.58,95.86
2022-10-10,24.32,89.23,1.53,95.9
2022-10-09,24.83,85.53,1.62,95.83
2022-10-08,24.88,86.55,2.23,95.77
2022-10-07,24.75,88.02,2.14,95.72
2022-10-06,24.29,86.67,2.1,95.78
2022-10-05,24.11,86.4,2.0,95.73
2022-10-04,24.63,82.99,1.91,95.73
2022-10-03,24.33,86.27,2.27,95.65
2022-10-02,25.46,81.59,1.66,95.6
2022-10-01,25.43,81.53,0.77,95.73
2022-09-30,24.73,84.56,1.69,95.77
2022-09-29,25.89,73.35,1.67,95.64
2022-09-28,25.54,70.71,2.52,95.58
2022-09-27,25.38,68.82,2.77,95.64
2022-09-26,25.29,74.49,3.3,95.76
2022-09-25,25.97,73.12,3.09,95.76
2022-09-24,26.16,72.59,2.34,95.75
2022-09-23,26.16,73.42,2.18,95.77
2022-09-22,25.62,75.32,2.56,95.81
2022-09-21,25.13,76.5,1.99,95.85
2022-09-20,25.07,75.34,2.66,95.9
2022-09-19,25.38,72.71,2.55,95.9
2022-09-18,25.65,68.62,2.37,95.86
2022-09-17,25.63,69.49,2.63,95.82
2022-09-16,24.79,77.49,2.8,95.86
2022-09-15,25.03,77.58,3.46,95.94
2022-09-14,25.35,73.74,3.11,96.07
2022-09-13,25.87,72.56,2.78,95.97
2022-09-12,26.09,71.72,1.68,95.76
2022-09-11,25.13,80.26,1.98,95.76
2022-09-10,25.1,81.59,1.96,95.88
2022-09-09,25.02,79.96,1.33,95.96
2022-09-08,25.23,77.3,1.78,95.91
2022-09-07,25.32,76.61,2.31,95.88
2022-09-06,25.5,74.94,2.18,95.81
2022-09-05,25.49,75.28,1.68,95.85
2022-09-04,25.16,76.97,2.25,95.83
2022-09-03,25.01,76.19,2.47,95.81
2022-09-02,25.67,73.87,2.4,95.78
2022-09-01,25.2,77.91,2.41,95.72
2022-08-31,24.85,80.92,1.84,95.65
2022-08-30,24.6,79.55,2.18,95.7
2022-08-29,23.78,79.45,2.24,95.76
2022-08-28,23.35,79.03,2.61,95.74
2022-08-27,23.66,79.36,2.81,95.72
2022-08-26,24.03,80.82,2.51,95.75
2022-08-25,23.68,80.07,2.52,95.82
2022-08-24,22.87,77.52,2.68,95.85
2022-08-23,23.29,80.34,2.89,95.81
2022-08-22,23.61,81.15,2.87,95.81
2022-08-21,23.43,79.79,2.15,95.78
2022-08-20,23.05,77.97,3.2,95.83
2022-08-19,23.52,81.94,3.03,95.82
2022-08-18,23.49,83.56,3.17,95.82
2022-08-17,23.19,82.53,2.75,95.91
2022-08-16,24.06,86.66,1.9,95.84
2022-08-15,24.59,85.81,1.38,95.78
2022-08-14,24.4,87.72,1.14,95.76
2022-08-13,24.98,84.41,1.01,95.76
2022-08-12,24.99,84.77,1.28,95.73
2022-08-11,24.72,86.13,1.92,95.72
2022-08-10,23.91,86.97,2.07,95.74
2022-08-09,23.01,86.85,2.34,95.74
2022-08-08,23.24,86.77,2.28,95.75
2022-08-07,23.11,88.43,2.27,95.78
2022-08-06,22.83,86.05,1.79,95.81
2022-08-05,22.48,86.04,1.8,95.81
2022-08-04,22.76,84.88,2.28,95.8
2022-08-03,24.08,87.74,1.96,95.74
2022-08-02,23.77,88.63,1.56,95.69
2022-08-01,23.29,82.79,1.32,95.64
2022-07-31,22.74,84.14,1.37,95.67
2022-07-30,22.54,85.51,1.78,95.74
2022-07-29,22.92,86.52,2.02,95.75
2022-07-28,23.24,86.59,1.88,95.73
2022-07-27,23.24,87.18,2.1,95.69
2022-07-26,21.77,85.42,1.98,95.78
2022-07-25,20.58,83.83,2.36,95.77
2022-07-24,21.43,85.81,2.81,95.72
2022-07-23,22.39,88.0,2.37,95.8
2022-07-22,22.56,86.66,2.36,95.88
2022-07-21,22.32,87.84,2.34,95.86
2022-07-20,22.42,86.03,1.8,95.78
2022-07-19,22.95,88.87,2.3,95.72
2022-07-18,23.46,88.45,2.2,95.74
2022-07-17,23.31,89.38,1.89,95.86
2022-07-16,23.24,88.99,1.96,95.86
2022-07-15,23.44,88.62,2.16,95.75
2022-07-14,23.69,87.65,1.74,95.69
2022-07-13,23.64,89.21,1.67,95.67
2022-07-12,23.52,90.3,2.44,95.71
2022-07-11,23.49,89.53,2.23,95.81
2022-07-10,22.77,87.48,1.99,95.73
2022-07-09,21.56,86.41,1.86,95.75
2022-07-08,21.41,87.23,2.16,95.8
2022-07-07,22.56,88.3,2.16,95.83
2022-07-06,23.75,89.11,2.14,95.8
2022-07-05,24.47,88.48,1.28,95.68
2022-07-04,24.21,89.77,1.34,95.64
2022-07-03,24.82,89.01,1.16,95.57
2022-07-02,23.87,89.36,1.9,95.61
2022-07-01,23.05,88.05,2.86,95.7
2022-06-30,23.24,88.26,2.3,95.68
2022-06-29,22.63,84.85,1.81,95.69
2022-06-28,22.65,86.89,2.3,95.73
2022-06-27,23.22,88.86,2.81,95.82
2022-06-26,23.73,87.8,2.2,95.77
2022-06-25,23.62,89.66,2.21,95.67
2022-06-24,23.55,88.11,2.36,95.76
2022-06-23,23.83,88.61,2.43,95.84
2022-06-22,23.5,86.68,2.08,95.78
2022-06-21,23.74,86.24,1.79,95.65
2022-06-20,23.81,88.73,2.1,95.64
2022-06-19,24.21,88.61,1.76,95.76
2022-06-18,24.61,85.92,1.07,95.78
2022-06-17,24.55,85.21,0.81,95.78
2022-06-16,24.32,88.82,1.33,95.78
2022-06-15,24.13,88.37,1.45,95.75
2022-06-14,24.4,87.43,1.02,95.75
2022-06-13,24.22,88.68,1.34,95.75
2022-06-12,24.36,88.88,0.93,95.76
2022-06-11,25.01,86.61,1.11,95.68
2022-06-10,24.55,87.38,1.06,95.66
2022-06-09,24.48,86.44,1.23,95.72
2022-06-08,24.38,87.02,1.28,95.7
2022-06-07,24.19,90.03,1.69,95.67
2022-06-06,24.27,86.76,1.07,95.69
2022-06-05,24.13,89.18,1.21,95.73
2022-06-04,24.18,89.37,1.04,95.77
2022-06-03,24.1,87.45,1.29,95.75
2022-06-02,23.47,88.46,1.23,95.75
2022-06-01,24.17,90.44,0.95,95.7
2022-05-31,24.57,84.5,1.01,95.63
2022-05-30,23.93,89.9,1.69,95.62
2022-05-29,24.01,89.73,1.41,95.7
2022-05-28,25.06,83.89,0.48,95.72
2022-05-27,23.89,88.61,1.0,95.75
2022-05-26,23.48,93.97,1.61,95.81
2022-05-25,25.09,88.35,1.19,95.79
